{
  "rf_regressor": {
    "n_estimators": 300,
    "max_depth": 6,
    "min_samples_split": 4,
    "min_samples_leaf": 4,
    "max_features": null
  },
  "xgb_regressor": {
    "n_estimators": 400,
    "max_depth": 10,
    "learning_rate": 0.014655508446367536,
    "subsample": 0.600948591168589,
    "colsample_bytree": 0.6483675030080331,
    "reg_alpha": 0.2757512177124411,
    "reg_lambda": 3.274903005279294
  },
  "lgbm_regressor": {
    "n_estimators": 350,
    "max_depth": 4,
    "learning_rate": 0.019834766338543666,
    "num_leaves": 37,
    "subsample": 0.681086159039243,
    "colsample_bytree": 0.6032493330989555,
    "reg_alpha": 1.09197886339722e-06,
    "reg_lambda": 0.017776795978916772
  },
  "knn_regressor": {
    "n_neighbors": 9,
    "weights": "distance",
    "p": 2
  },
  "xgb_classifier": {
    "n_estimators": 250,
    "max_depth": 9,
    "learning_rate": 0.05850017752860658,
    "subsample": 0.9335016335362348,
    "colsample_bytree": 0.6543433308263727
  },
  "lgbm_classifier": {
    "n_estimators": 150,
    "max_depth": 8,
    "learning_rate": 0.14768860160085354,
    "num_leaves": 20,
    "subsample": 0.9460390789098977,
    "colsample_bytree": 0.6619147084201242
  }
}