{
  "revenue": {
    "rf_r2": 0.920970726555266,
    "xgb_r2": 0.9228580758981225,
    "lgbm_r2": 0.9340244051887061,
    "ensemble_r2": 0.9294359143977069,
    "ensemble_mae": 0.28520801967081705,
    "cv_mean": 0.9162478999157955,
    "cv_std": 0.015494381732272761,
    "weights": [
      0.3315404586612433,
      0.332219885974992,
      0.33623965536376466
    ]
  },
  "classification": {
    "gb_acc": 0.5589123867069486,
    "xgb_acc": 0.5740181268882175,
    "lgbm_acc": 0.5740181268882175,
    "ensemble_acc": 0.5649546827794562,
    "cv_mean": 0.5473013150371641,
    "cv_std": 0.031804875836668536
  }
}