{
  "revenue": {
    "rf_r2": 0.7476349548652146,
    "xgb_r2": 0.7225407344476813,
    "lgbm_r2": 0.7445969820009338,
    "knn_r2": 0.5993030774978372,
    "ensemble_r2": 0.7503506946255353,
    "ensemble_mae": 1.2176050704657844,
    "cv_mean": 0.7206425369860981,
    "cv_std": 0.07706349998998711
  },
  "classification": {
    "gb_acc": 0.5963302752293578,
    "xgb_acc": 0.5894495412844036,
    "lgbm_acc": 0.6009174311926605,
    "ensemble_acc": 0.6238532110091743,
    "cv_mean": 0.5791324967888549,
    "cv_std": 0.014977740283892036
  }
}